product,competitor_page_name,competitor_page_link,classification,landing_url,ad_id,ad_snapshot_url,ad_delivery_start,status
P01,SayBeam Shapewear,https://www.facebook.com/712309681964411,relevant,,2087376792194379,https://www.facebook.com/ads/library/?id=2087376792194379,2026-07-12,ACTIVE
P01,SayBeam Shapewear,https://www.facebook.com/712309681964411,relevant,,1338698615034883,https://www.facebook.com/ads/library/?id=1338698615034883,2026-07-12,ACTIVE
P01,SayBeam Shapewear,https://www.facebook.com/712309681964411,relevant,,1981761852478052,https://www.facebook.com/ads/library/?id=1981761852478052,2026-07-12,ACTIVE
P01,SayBeam Shapewear,https://www.facebook.com/712309681964411,relevant,,1648014517331599,https://www.facebook.com/ads/library/?id=1648014517331599,2026-07-12,ACTIVE
P01,SayBeam Shapewear,https://www.facebook.com/712309681964411,relevant,,1345254231126096,https://www.facebook.com/ads/library/?id=1345254231126096,2026-07-11,ACTIVE
P01,SayBeam Shapewear,https://www.facebook.com/712309681964411,relevant,,1720142479316960,https://www.facebook.com/ads/library/?id=1720142479316960,2026-07-11,ACTIVE
P01,SayBeam Shapewear,https://www.facebook.com/712309681964411,relevant,,2305457726658076,https://www.facebook.com/ads/library/?id=2305457726658076,2026-07-11,ACTIVE
P01,SayBeam Shapewear,https://www.facebook.com/712309681964411,relevant,,27577089185283619,https://www.facebook.com/ads/library/?id=27577089185283619,2026-07-11,ACTIVE
P01,SayBeam Shapewear,https://www.facebook.com/712309681964411,relevant,,1603156384851956,https://www.facebook.com/ads/library/?id=1603156384851956,2026-07-11,ACTIVE
P01,SayBeam Shapewear,https://www.facebook.com/712309681964411,relevant,,1894211391251307,https://www.facebook.com/ads/library/?id=1894211391251307,2026-07-11,ACTIVE
P01,SayBeam Shapewear,https://www.facebook.com/712309681964411,relevant,,1707954613735089,https://www.facebook.com/ads/library/?id=1707954613735089,2026-07-11,ACTIVE
P01,SayBeam Shapewear,https://www.facebook.com/712309681964411,relevant,,879901824715439,https://www.facebook.com/ads/library/?id=879901824715439,2026-07-10,ACTIVE
P01,SayBeam Shapewear,https://www.facebook.com/712309681964411,relevant,,1752043336215910,https://www.facebook.com/ads/library/?id=1752043336215910,2026-07-10,ACTIVE
P01,SayBeam Shapewear,https://www.facebook.com/712309681964411,relevant,,1031372802977018,https://www.facebook.com/ads/library/?id=1031372802977018,2026-07-10,ACTIVE
P01,SayBeam Shapewear,https://www.facebook.com/712309681964411,relevant,,1042218974925479,https://www.facebook.com/ads/library/?id=1042218974925479,2026-07-09,ACTIVE
P01,SayBeam Shapewear,https://www.facebook.com/712309681964411,relevant,,960765713681191,https://www.facebook.com/ads/library/?id=960765713681191,2026-07-09,ACTIVE
P01,SayBeam Shapewear,https://www.facebook.com/712309681964411,relevant,,1476258537869848,https://www.facebook.com/ads/library/?id=1476258537869848,2026-07-09,ACTIVE
P01,SayBeam Shapewear,https://www.facebook.com/712309681964411,relevant,,1735985640764473,https://www.facebook.com/ads/library/?id=1735985640764473,2026-07-09,ACTIVE
P01,SayBeam Shapewear,https://www.facebook.com/712309681964411,relevant,,949007814858992,https://www.facebook.com/ads/library/?id=949007814858992,2026-07-09,ACTIVE
P01,SayBeam Shapewear,https://www.facebook.com/712309681964411,relevant,,1497149775425435,https://www.facebook.com/ads/library/?id=1497149775425435,2026-07-09,ACTIVE
P01,SayBeam Shapewear,https://www.facebook.com/712309681964411,relevant,,1567784788336622,https://www.facebook.com/ads/library/?id=1567784788336622,2026-07-09,ACTIVE
P01,SayBeam Shapewear,https://www.facebook.com/712309681964411,relevant,,1919915292031416,https://www.facebook.com/ads/library/?id=1919915292031416,2026-07-09,ACTIVE
P01,SayBeam Shapewear,https://www.facebook.com/712309681964411,relevant,,2103450647258437,https://www.facebook.com/ads/library/?id=2103450647258437,2026-07-09,ACTIVE
P01,SayBeam Shapewear,https://www.facebook.com/712309681964411,relevant,,1256230880901873,https://www.facebook.com/ads/library/?id=1256230880901873,2026-07-09,ACTIVE
P01,SayBeam Shapewear,https://www.facebook.com/712309681964411,relevant,,2506822593168308,https://www.facebook.com/ads/library/?id=2506822593168308,2026-07-08,ACTIVE
P01,SayBeam Shapewear,https://www.facebook.com/712309681964411,relevant,,1397613642185322,https://www.facebook.com/ads/library/?id=1397613642185322,2026-07-08,ACTIVE
P01,SayBeam Shapewear,https://www.facebook.com/712309681964411,relevant,,1023296513681586,https://www.facebook.com/ads/library/?id=1023296513681586,2026-07-08,ACTIVE
P01,SayBeam Shapewear,https://www.facebook.com/712309681964411,relevant,,1363119799101434,https://www.facebook.com/ads/library/?id=1363119799101434,2026-07-08,ACTIVE
P01,SayBeam Shapewear,https://www.facebook.com/712309681964411,relevant,,1718685629442299,https://www.facebook.com/ads/library/?id=1718685629442299,2026-07-08,ACTIVE
P01,SayBeam Shapewear,https://www.facebook.com/712309681964411,relevant,,1398322345525412,https://www.facebook.com/ads/library/?id=1398322345525412,2026-07-08,ACTIVE
P01,SayBeam Shapewear,https://www.facebook.com/712309681964411,relevant,,1536637008196491,https://www.facebook.com/ads/library/?id=1536637008196491,2026-07-08,ACTIVE
P01,SayBeam Shapewear,https://www.facebook.com/712309681964411,relevant,,991394283695761,https://www.facebook.com/ads/library/?id=991394283695761,2026-07-08,ACTIVE
P01,SayBeam Shapewear,https://www.facebook.com/712309681964411,relevant,,1533064578277907,https://www.facebook.com/ads/library/?id=1533064578277907,2026-07-09,ACTIVE
P01,عالم الكورسيهات,https://www.facebook.com/536984992839676,relevant,,1012652068281692,https://www.facebook.com/ads/library/?id=1012652068281692,2026-07-12,ACTIVE
P01,عالم الكورسيهات,https://www.facebook.com/536984992839676,relevant,,1020799577524216,https://www.facebook.com/ads/library/?id=1020799577524216,2026-07-11,ACTIVE
P01,عالم الكورسيهات,https://www.facebook.com/536984992839676,relevant,,1519298576041856,https://www.facebook.com/ads/library/?id=1519298576041856,2026-07-06,ACTIVE
P01,عالم الكورسيهات,https://www.facebook.com/536984992839676,relevant,,787579877709884,https://www.facebook.com/ads/library/?id=787579877709884,2026-07-05,ACTIVE
P01,عالم الكورسيهات,https://www.facebook.com/536984992839676,relevant,,1555877692546561,https://www.facebook.com/ads/library/?id=1555877692546561,2026-06-19,ACTIVE
P01,عالم الكورسيهات,https://www.facebook.com/536984992839676,relevant,,26633985852897020,https://www.facebook.com/ads/library/?id=26633985852897020,2026-06-15,ACTIVE
P01,عالم الكورسيهات,https://www.facebook.com/536984992839676,relevant,,1271912525085250,https://www.facebook.com/ads/library/?id=1271912525085250,2026-04-30,ACTIVE
P01,عالم المشدات للرشاقة,https://www.facebook.com/131843560020645,relevant,,1402579978378741,https://www.facebook.com/ads/library/?id=1402579978378741,2026-07-08,ACTIVE
P01,عالم المشدات للرشاقة,https://www.facebook.com/131843560020645,relevant,,1712628683196278,https://www.facebook.com/ads/library/?id=1712628683196278,2026-06-24,ACTIVE
P01,عالم المشدات للرشاقة,https://www.facebook.com/131843560020645,relevant,,1669762447637280,https://www.facebook.com/ads/library/?id=1669762447637280,2026-06-19,ACTIVE
P01,الرشاقة للمشدات والكورسيهات,https://www.facebook.com/234587569739583,relevant,,2020469345219478,https://www.facebook.com/ads/library/?id=2020469345219478,2026-07-01,ACTIVE
P01,الرشاقة للمشدات والكورسيهات,https://www.facebook.com/234587569739583,relevant,,2510891266092173,https://www.facebook.com/ads/library/?id=2510891266092173,2026-06-30,ACTIVE
P01,الرشاقة للمشدات والكورسيهات,https://www.facebook.com/234587569739583,relevant,,1684549322875359,https://www.facebook.com/ads/library/?id=1684549322875359,2026-06-23,ACTIVE
P01,مشدات الرشاقة,https://www.facebook.com/751207091409665,relevant,,1570865077932459,https://www.facebook.com/ads/library/?id=1570865077932459,2026-07-07,ACTIVE
P01,مشدات الرشاقة,https://www.facebook.com/751207091409665,relevant,,1230964039066135,https://www.facebook.com/ads/library/?id=1230964039066135,2026-07-07,ACTIVE
P01,مشدات الرشاقة,https://www.facebook.com/751207091409665,relevant,,2087136871887684,https://www.facebook.com/ads/library/?id=2087136871887684,2026-06-28,ACTIVE
P01,Med Store,https://www.facebook.com/106147499006997,uncertain,,1456127353019559,https://www.facebook.com/ads/library/?id=1456127353019559,2026-07-07,ACTIVE
P01,Med Store,https://www.facebook.com/106147499006997,uncertain,,996675106621676,https://www.facebook.com/ads/library/?id=996675106621676,2026-07-01,ACTIVE
P01,Med Store,https://www.facebook.com/106147499006997,uncertain,,2213138116194014,https://www.facebook.com/ads/library/?id=2213138116194014,2026-07-01,ACTIVE
P01,Med Store,https://www.facebook.com/106147499006997,uncertain,,2084300879128269,https://www.facebook.com/ads/library/?id=2084300879128269,2026-07-01,ACTIVE
P01,Med Store,https://www.facebook.com/106147499006997,uncertain,,1921289495925790,https://www.facebook.com/ads/library/?id=1921289495925790,2026-07-01,ACTIVE
P01,Med Store,https://www.facebook.com/106147499006997,uncertain,,1561622945566943,https://www.facebook.com/ads/library/?id=1561622945566943,2026-07-01,ACTIVE
P01,Med Store,https://www.facebook.com/106147499006997,uncertain,,27165246333114888,https://www.facebook.com/ads/library/?id=27165246333114888,2026-06-02,ACTIVE
P01,Med Store,https://www.facebook.com/106147499006997,uncertain,,989282534069763,https://www.facebook.com/ads/library/?id=989282534069763,2026-06-02,ACTIVE
P01,Med Store,https://www.facebook.com/106147499006997,uncertain,,1621307398950821,https://www.facebook.com/ads/library/?id=1621307398950821,2026-06-02,ACTIVE
P01,Med Store,https://www.facebook.com/106147499006997,uncertain,,1006005055136839,https://www.facebook.com/ads/library/?id=1006005055136839,2026-06-02,ACTIVE
P01,بوتيك بتول,https://www.facebook.com/105671525829308,uncertain,,1721565375706376,https://www.facebook.com/ads/library/?id=1721565375706376,2026-07-11,ACTIVE
P01,بوتيك بتول,https://www.facebook.com/105671525829308,uncertain,,1915113012495030,https://www.facebook.com/ads/library/?id=1915113012495030,2026-07-10,ACTIVE
P01,بوتيك بتول,https://www.facebook.com/105671525829308,uncertain,,1550293867109509,https://www.facebook.com/ads/library/?id=1550293867109509,2026-07-08,ACTIVE
P01,بوتيك بتول,https://www.facebook.com/105671525829308,uncertain,,1340611198282238,https://www.facebook.com/ads/library/?id=1340611198282238,2026-07-07,ACTIVE
P01,LOOX KING WOMEN,https://www.facebook.com/100736899432829,uncertain,,1716451096261857,https://www.facebook.com/ads/library/?id=1716451096261857,2026-07-09,ACTIVE
P01,LOOX KING WOMEN,https://www.facebook.com/100736899432829,uncertain,,1539281961017530,https://www.facebook.com/ads/library/?id=1539281961017530,2026-07-09,ACTIVE
P01,LOOX KING WOMEN,https://www.facebook.com/100736899432829,uncertain,,1404434038171077,https://www.facebook.com/ads/library/?id=1404434038171077,2026-07-09,ACTIVE
P01,LOOX KING WOMEN,https://www.facebook.com/100736899432829,uncertain,,1023886233456666,https://www.facebook.com/ads/library/?id=1023886233456666,2026-07-08,ACTIVE
P01,LOOX KING WOMEN,https://www.facebook.com/100736899432829,uncertain,,1837926107176096,https://www.facebook.com/ads/library/?id=1837926107176096,2026-07-08,ACTIVE
P01,LOOX KING WOMEN,https://www.facebook.com/100736899432829,uncertain,,1314900503842672,https://www.facebook.com/ads/library/?id=1314900503842672,2026-05-11,ACTIVE
P01,Shoporia,https://www.facebook.com/975447952315920,uncertain,,1243505757786448,https://www.facebook.com/ads/library/?id=1243505757786448,2026-07-11,ACTIVE
P01,Shoporia,https://www.facebook.com/975447952315920,uncertain,,1366360228221860,https://www.facebook.com/ads/library/?id=1366360228221860,2026-07-11,ACTIVE
P01,Shoporia,https://www.facebook.com/975447952315920,uncertain,,3502508279908128,https://www.facebook.com/ads/library/?id=3502508279908128,2026-07-11,ACTIVE
P01,Shoporia,https://www.facebook.com/975447952315920,uncertain,,1041894371642261,https://www.facebook.com/ads/library/?id=1041894371642261,2026-07-10,ACTIVE
P01,Shoporia,https://www.facebook.com/975447952315920,uncertain,,1807966993695555,https://www.facebook.com/ads/library/?id=1807966993695555,2026-07-10,ACTIVE
P01,Top shop,https://www.facebook.com/365019326687353,uncertain,,1963741764328265,https://www.facebook.com/ads/library/?id=1963741764328265,2026-07-10,ACTIVE
P01,ليبيا كوزمتك,https://www.facebook.com/105985275525484,uncertain,,1718632485967448,https://www.facebook.com/ads/library/?id=1718632485967448,2026-07-09,ACTIVE
P01,متجر اوبن open store,https://www.facebook.com/1143540328851813,off-topic,,,,,PAGE_LEVEL_ONLY
P01,عاجل الجزيرة - ليبيا,https://www.facebook.com/1162748986927818,off-topic,,,,,PAGE_LEVEL_ONLY
P01,NS-by-01,https://www.facebook.com/957779347429343,off-topic,,,,,PAGE_LEVEL_ONLY
P01,C-drama,https://www.facebook.com/1099151353292312,off-topic,,,,,PAGE_LEVEL_ONLY
P01,Luna Campbell,https://www.facebook.com/1130736006784357,off-topic,,,,,PAGE_LEVEL_ONLY
P01,LOXX KING MAN,https://www.facebook.com/211839025349185,off-topic,,,,,PAGE_LEVEL_ONLY
P01,شركة تيتانيوم فيتنس للمعدات الرياضية,https://www.facebook.com/105635655726051,off-topic,,,,,PAGE_LEVEL_ONLY
P01,المعتمد للتجارة والتسويق الالكتروني,https://www.facebook.com/137791546091856,off-topic,,,,,PAGE_LEVEL_ONLY
P01,شركة القامة للمعدات الطبية والرياضية,https://www.facebook.com/108347055201047,off-topic,,,,,PAGE_LEVEL_ONLY
